time,Nat,Nit,N2O
2,1.42,0.142857143,0.64
8,1.142857143,0.342857143,0.322980423
13,0.78,0.535714286,0.041411642
28,0.07,0.607142857,0.02100968