time,Nat,Nit,N2O
6,1.17763512,1.333293062,0.002203484
20,0.924845413,1.517424683,0.019481268
40,0.647494756,1.766850817,0.039436183
60,0.388115191,1.962377401,0.065356292