time,Nat,Nit,N2O
0,1.120702827,1.144766998,0
5,0.979755539,1.045072574,0.085943468
10,0.763177998,1.014132926,0.170168067
20,0.29908327,0.969442322,0.360962567