time,Nat
0,1.417233195
15,1.289031896
30,1.238371706
45,1.215385075
60,1.209032448
90,1.118740135