time,Nat
0,1.428571429
5,1.264172336
10,1.145124717
20,0.907029478
30,0.714285714